index,title,info_id,publish_time,publish_unit,issue_level,attachment_count,source_paths,md_path,status,error
1,关于印发《雄安新区专精特新企业培育库动态管理警示（出库）企业名单（第二批）》的通知,POLICYFILE5738090210tzlki,2026-04-28,河北雄安新区工信科技数据局,市级,1,data/xiongan_policy_files/pdfs/001_2026-04-28_关于印发《雄安新区专精特新企业培育库动态管理警示（出库）企业名单（第二批）》的通知.pdf,data/xiongan_policy_files/policy_md/001_2026-04-28_关于印发《雄安新区专精特新企业培育库动态管理警示（出库）企业名单（第二批）》的通知.md,converted,
2,关于举办2026年河北省雄安新区中级技术经理人能力提升研修活动的通知,POLICYFILE2944063176hwttn,2026-04-27,,市级,1,data/xiongan_policy_files/pdfs/002_2026-04-27_关于举办2026年河北省雄安新区中级技术经理人能力提升研修活动的通知.pdf,data/xiongan_policy_files/policy_md/002_2026-04-27_关于举办2026年河北省雄安新区中级技术经理人能力提升研修活动的通知.md,converted,
3,关于开展2026年专精特新“小巨人”企业认定和复核推荐工作的通知,POLICYFILE5421376803donqt,2026-04-23,河北雄安新区工信科技数据局,市级,1,data/xiongan_policy_files/pdfs/003_2026-04-23_关于开展2026年专精特新“小巨人”企业认定和复核推荐工作的通知.pdf,data/xiongan_policy_files/policy_md/003_2026-04-23_关于开展2026年专精特新“小巨人”企业认定和复核推荐工作的通知.md,converted,
4,关于转发《关于征集遴选2026年科技骨干企业的通知》的通知,POLICYFILE7736764786ecjzr,2026-03-19,河北雄安新区工信科技数据局,市级,2,data/xiongan_policy_files/files/004_2026-03-19_河北省科技骨干企业申报书.docx;data/xiongan_policy_files/files/004_2026-03-19_科技骨干企业汇总表.docx,data/xiongan_policy_files/policy_md/004_2026-03-19_关于转发《关于征集遴选2026年科技骨干企业的通知》的通知.md,converted,
5,雄安新区工信科技数据局关于延期组织2026年度中央引导地方科技发展资金雄安场景成果转化与技术攻关项目的通知,POLICYFILE8333984761qvrrc,2026-03-19,河北雄安新区工信科技数据局,市级,0,,data/xiongan_policy_files/policy_md/005_2026-03-19_雄安新区工信科技数据局关于延期组织2026年度中央引导地方科技发展资金雄安场景成果转化与技术攻关项目的通知.md,converted,
6,关于延长2026年雄安新区企业技术中心申报时间的通知,POLICYFILE7644550259cypyp,2026-03-17,,市级,1,data/xiongan_policy_files/pdfs/006_2026-03-17_关于延长2026年雄安新区企业技术中心申报时间的通知.pdf,data/xiongan_policy_files/policy_md/006_2026-03-17_关于延长2026年雄安新区企业技术中心申报时间的通知.md,converted,
7,关于开展2026年度雄安新区“特岗特薪”特聘岗位申报工作的通知,POLICYFILE6641133874ersag,2026-03-12,,市级,1,data/xiongan_policy_files/pdfs/007_2026-03-12_关于开展2026年度雄安新区“特岗特薪”特聘岗位申报工作的通知.pdf,data/xiongan_policy_files/policy_md/007_2026-03-12_关于开展2026年度雄安新区“特岗特薪”特聘岗位申报工作的通知.md,converted,
8,雄安新区工信科技数据局关于申报2026年度中央引导地方科技发展资金雄安场景成果转化与技术攻关项目的通知,POLICYFILE9146156376eliaw,2026-03-12,河北雄安新区工信科技数据局,市级,0,,data/xiongan_policy_files/policy_md/008_2026-03-12_雄安新区工信科技数据局关于申报2026年度中央引导地方科技发展资金雄安场景成果转化与技术攻关项目的通知.md,converted,
9,关于举办“北斗技术融合创新案例征集活动（首场：北斗+大众消费）”的通知,POLICYFILE4030779498jaflv,2026-02-06,,市级,1,data/xiongan_policy_files/files/009_2026-02-06_附件：北斗技术融合创新案例征集活动申报书.docx,data/xiongan_policy_files/policy_md/009_2026-02-06_关于举办“北斗技术融合创新案例征集活动（首场：北斗+大众消费）”的通知.md,converted,
10,关于组织开展跨境人民币结算奖励及外贸企业汇率避险奖励资金申报工作的通知,POLICYFILE9386491647khldh,2026-02-02,,市级,2,data/xiongan_policy_files/files/010_2026-02-02_附件1跨境人民币结算奖励资金申报指南.docx;data/xiongan_policy_files/files/010_2026-02-02_附件2外贸企业汇率避险奖励资金申报指南.docx,data/xiongan_policy_files/policy_md/010_2026-02-02_关于组织开展跨境人民币结算奖励及外贸企业汇率避险奖励资金申报工作的通知.md,converted,
11,关于做好2026年度雄安新区基层科普行动计划实施工作的通知,POLICYFILE2569695534pnomc,2026-01-27,河北雄安新区工信科技数据局,市级,1,data/xiongan_policy_files/files/011_2026-01-27_2026年度基层科普行动计划申报书.docx,data/xiongan_policy_files/policy_md/011_2026-01-27_关于做好2026年度雄安新区基层科普行动计划实施工作的通知.md,converted,
12,关于征求《雄安新区“共享智造”实施细则（试行）》意见的函,POLICYFILE7282388411zbvpj,2026-01-20,河北雄安新区工信科技数据局,市级,1,data/xiongan_policy_files/pdfs/012_2026-01-20_关于征求《雄安新区“共享智造”实施细则（试行）》意见的函(1).pdf,data/xiongan_policy_files/policy_md/012_2026-01-20_关于征求《雄安新区“共享智造”实施细则（试行）》意见的函.md,converted,
13,关于组织第一批“雄安工坊”试点产品申报的通知,POLICYFILE1900223978dkrfp,2025-12-24,"河北雄安新区工信科技数据局,河北雄安新区综合执法局,河北雄安新区商务和投资促进局",市级,2,data/xiongan_policy_files/files/013_2025-12-24_关于组织第一批“雄安工坊”试点产品申报的通知.docx;data/xiongan_policy_files/files/013_2025-12-24_相关附件.docx,data/xiongan_policy_files/policy_md/013_2025-12-24_关于组织第一批“雄安工坊”试点产品申报的通知.md,converted,
14,关于印发《雄安新区知识产权专员管理办法》的通知,POLICYFILE5680134148hldgg,2025-12-08,河北雄安新区综合执法局,市级,1,data/xiongan_policy_files/pdfs/014_2025-12-08_关于印发《雄安新区知识产权专员管理办法》的通知.pdf,data/xiongan_policy_files/policy_md/014_2025-12-08_关于印发《雄安新区知识产权专员管理办法》的通知.md,converted,
15,关于开展雄安新区中小企业服务资源库入库征集工作的通知,POLICYFILE5521868567obumb,2025-11-17,,市级,1,data/xiongan_policy_files/files/015_2025-11-17_附件.docx,data/xiongan_policy_files/policy_md/015_2025-11-17_关于开展雄安新区中小企业服务资源库入库征集工作的通知.md,converted,
16,关于印发《关于鼓励和支持中国（河北）自由贸易试验区雄安片区深化制度创新的若干措施》的通知,POLICYFILE1092084653xekbx,2025-10-16,"河北雄安新区党政办公室,雄安自贸试验区管委会",市级,2,data/xiongan_policy_files/files/016_2025-10-16_雄安自贸试验区制度创新资金奖励申报表.docx;data/xiongan_policy_files/files/016_2025-10-16_雄安自贸试验区“揭榜挂帅”示范项目资金奖励申报表.docx,data/xiongan_policy_files/policy_md/016_2025-10-16_关于印发《关于鼓励和支持中国（河北）自由贸易试验区雄安片区深化制度创新的若干措施》的通知.md,converted,
17,关于开展2025年雄安新区“百项转型”项目申报工作的通知,POLICYFILE0485279312blzxe,2025-09-29,河北雄安新区工信科技数据局,市级,1,data/xiongan_policy_files/pdfs/017_2025-09-29_关于开展2025年雄安新区“百项转型”项目申报工作的通知.pdf,data/xiongan_policy_files/policy_md/017_2025-09-29_关于开展2025年雄安新区“百项转型”项目申报工作的通知.md,converted,
18,关于组织开展瞪羚、潜在独角兽、独角兽企业申报工作的预通知,POLICYFILE2699305329jqriy,2025-09-28,河北雄安新区工信科技数据局,市级,1,data/xiongan_policy_files/pdfs/018_2025-09-28_关于组织开展瞪羚、独角兽（潜在）企业申报工作的预通知.pdf,data/xiongan_policy_files/policy_md/018_2025-09-28_关于组织开展瞪羚、潜在独角兽、独角兽企业申报工作的预通知.md,converted,
19,关于组织开展2025年雄安新区“专精特新”培育库企业人库工作的通知,POLICYFILE1309552766zrtgd,2025-09-28,河北雄安新区工信科技数据局,市级,1,data/xiongan_policy_files/pdfs/019_2025-09-28_关于组织开展2025雄安新区专精特新培育库入库工作的通知.pdf,data/xiongan_policy_files/policy_md/019_2025-09-28_关于组织开展2025年雄安新区“专精特新”培育库企业人库工作的通知.md,converted,
20,关于组织开展2025年度省重点实验室和省技术创新中心申报工作的通知,POLICYFILE4199167879wuigi,2025-09-28,河北雄安新区工信科技数据局,市级,0,,data/xiongan_policy_files/policy_md/020_2025-09-28_关于组织开展2025年度省重点实验室和省技术创新中心申报工作的通知.md,converted,
21,河北雄安新区改革发展局关于印发《〈关于促进雄安新区物流业高质量发展的若干措施〉实施细则(试行)》的通知,POLICYFILE4034786782dobzf,2025-09-25,河北雄安新区改革发展局,市级,1,data/xiongan_policy_files/pdfs/021_2025-09-25_关于印发《关于促进雄安新区物流业高质量发展的若干措施》实施细则（试行）的通知.pdf,data/xiongan_policy_files/policy_md/021_2025-09-25_河北雄安新区改革发展局关于印发《〈关于促进雄安新区物流业高质量发展的若干措施〉实施细则(试行)》的通知.md,converted,
22,关于印发《雄安新区支持高端高新制造业发展的若干措施》的通知,POLICYFILE8814076401zxdkr,2025-09-15,河北雄安新区工信科技数据局,市级,1,data/xiongan_policy_files/pdfs/022_2025-09-15_雄安工科数字〔2025〕16号(1).pdf,data/xiongan_policy_files/policy_md/022_2025-09-15_关于印发《雄安新区支持高端高新制造业发展的若干措施》的通知.md,converted,
23,关于征集2025年度雄安新区本级科技攻关 项目（人工智能领域）的通知,POLICYFILE3639135484hdnvz,2025-09-10,河北雄安新区工信科技数据局,市级,1,data/xiongan_policy_files/pdfs/023_2025-09-10_项目申报阶段操作手册-申报单位和申报人.pdf,data/xiongan_policy_files/policy_md/023_2025-09-10_关于征集2025年度雄安新区本级科技攻关 项目（人工智能领域）的通知.md,converted,
24,关于转发《河北省工业和信息化厅关于开展2025 年第二批河北省专精特新中小企业认定工作的通知》的通知,POLICYFILE4437362951dbdsa,2025-08-20,河北雄安新区工信科技数据局,市级,3,data/xiongan_policy_files/files/024_2025-08-20_附件1_河北省专精特新中小企业认定申请表.docx;data/xiongan_policy_files/files/024_2025-08-20_附件2_河北省专精特新中小企业认定申报佐证材料清单.docx;data/xiongan_policy_files/files/024_2025-08-20_附件3_2025年第二批河北省专精特新中小企业申报推荐汇总表.docx,data/xiongan_policy_files/policy_md/024_2025-08-20_关于转发《河北省工业和信息化厅关于开展2025 年第二批河北省专精特新中小企业认定工作的通知》的通知.md,converted,
25,关于转发省科技厅征集遴选科技骨干企业的通知,POLICYFILE0466308844prdie,2025-08-14,河北雄安新区工信科技数据局,市级,1,data/xiongan_policy_files/files/025_2025-08-14_附件河北省科技骨干企业申报书.docx,data/xiongan_policy_files/policy_md/025_2025-08-14_关于转发省科技厅征集遴选科技骨干企业的通知.md,converted,
26,关于组织2025年度河北省科学技术奖提名预审的通知,POLICYFILE9956556703neqkf,2025-08-13,河北雄安新区工信科技数据局,市级,2,data/xiongan_policy_files/pdfs/026_2025-08-13_附件1 2025年度河北省科学技术奖预审表.pdf;data/xiongan_policy_files/pdfs/026_2025-08-13_附件2 征集意见表.pdf,data/xiongan_policy_files/policy_md/026_2025-08-13_关于组织2025年度河北省科学技术奖提名预审的通知.md,converted,
27,关于加强高新技术企业培育库企业管理的通知,POLICYFILE3713254394yghcr,2025-07-30,河北雄安新区工信科技数据局,市级,1,data/xiongan_policy_files/pdfs/027_2025-07-30_关于加强高新技术企业培育库企业管理的通知.pdf,data/xiongan_policy_files/policy_md/027_2025-07-30_关于加强高新技术企业培育库企业管理的通知.md,converted,
28,关于开展 2025 年全省优秀科普作品评选活动的通知,POLICYFILE9421662599repip,2025-07-18,河北雄安新区工信科技数据局,市级,1,data/xiongan_policy_files/pdfs/028_2025-07-18_关于开展2025年全省优秀科普作品评选活动的通知.pdf,data/xiongan_policy_files/policy_md/028_2025-07-18_关于开展 2025 年全省优秀科普作品评选活动的通知.md,converted,
29,关于开展2025年度国家科技型中小企业评价工作的通知,POLICYFILE9739373791wyfrq,2025-07-16,河北雄安新区工信科技数据局,市级,0,,data/xiongan_policy_files/policy_md/029_2025-07-16_关于开展2025年度国家科技型中小企业评价工作的通知.md,converted,
30,京津冀赋能雄安发展百项高价值专利技术,POLICYFILE1570004232qanpe,2025-07-11,,市级,1,data/xiongan_policy_files/pdfs/030_2025-07-11_京津冀赋能雄安发展百项高价值专利技术.pdf,data/xiongan_policy_files/policy_md/030_2025-07-11_京津冀赋能雄安发展百项高价值专利技术.md,converted,
31,关于征集专利技术需求的通知,POLICYFILE1610627538ymgws,2025-07-10,新区其它部门,市级,1,data/xiongan_policy_files/files/031_2025-07-10_附件-专利技术需求征集表.docx,data/xiongan_policy_files/policy_md/031_2025-07-10_关于征集专利技术需求的通知.md,converted,
32,关于组织召开2025年河北省科技创新平台申报培训会的通知,POLICYFILE7649085646czliv,2025-07-03,河北雄安新区工信科技数据局,市级,1,data/xiongan_policy_files/pdfs/032_2025-07-03_关于组织召开2025年河北省科技创新平台申报.pdf,data/xiongan_policy_files/policy_md/032_2025-07-03_关于组织召开2025年河北省科技创新平台申报培训会的通知.md,converted,
33,关于第十四届中国创新创业大赛河北雄安新区赛区暨雄安新区第六届“智绘未来”创新创业大赛报名的通知,POLICYFILE5635663991nwzlu,2025-06-06,河北雄安新区工信科技数据局,市级,0,,data/xiongan_policy_files/policy_md/033_2025-06-06_关于第十四届中国创新创业大赛河北雄安新区赛区暨雄安新区第六届“智绘未来”创新创业大赛报名的通知.md,converted,
34,关于以“免申即享”方式落实《雄安新区关于支持高标准高质量建设儿童友好城市若干措施》相关条款的通知,POLICYFILE6221301449bpqls,2025-05-19,河北雄安新区改革发展局,市级,1,data/xiongan_policy_files/pdfs/034_2025-05-19_关于以“免申即享”方式落实《雄安新区关于支持高标准高质量建设儿童友好城市若干措施》相关条款的通知.pdf,data/xiongan_policy_files/policy_md/034_2025-05-19_关于以“免申即享”方式落实《雄安新区关于支持高标准高质量建设儿童友好城市若干措施》相关条款的通知.md,converted,
35,关于转发省科协等部门《关于实施2025年河北省博士创新站建设项目的通知》的通知,POLICYFILE9532510044udkke,2025-05-16,河北雄安新区工信科技数据局,市级,1,data/xiongan_policy_files/pdfs/035_2025-05-16_关于开展2025年河北省博士创新站建设申报认定工作的通知.pdf,data/xiongan_policy_files/policy_md/035_2025-05-16_关于转发省科协等部门《关于实施2025年河北省博士创新站建设项目的通知》的通知.md,converted,
36,关于发布2025年雄安新区企业技术中心认定名单的通知,POLICYFILE2999587791ipuij,2025-04-30,河北雄安新区改革发展局,市级,1,data/xiongan_policy_files/pdfs/036_2025-04-30_关于发布2025年雄安新区企业技术中心认定名单的通知.pdf,data/xiongan_policy_files/policy_md/036_2025-04-30_关于发布2025年雄安新区企业技术中心认定名单的通知.md,converted,
37,关于印发《雄安新区“第一类医疗器械一件事”实施方案》的通知,POLICYFILE2162563439khbzx,2025-04-29,河北雄安新区营商环境局,市级,1,data/xiongan_policy_files/pdfs/037_2025-04-29_关于印发《雄安新区“第一类医疗器械一件事”实施方案》的通知.pdf,data/xiongan_policy_files/policy_md/037_2025-04-29_关于印发《雄安新区“第一类医疗器械一件事”实施方案》的通知.md,converted,
38,关于开展重点新材料研发及应用国家科技重大专项（科技创新2030重大项目）2025年度项目（公开竞争类）申报的通知,POLICYFILE7169118237edbza,2025-04-28,,市级,0,,data/xiongan_policy_files/policy_md/038_2025-04-28_关于开展重点新材料研发及应用国家科技重大专项（科技创新2030重大项目）2025年度项目（公开竞争类）申报的通知.md,converted,
39,关于转发《河北省工业和信息化厅关于组织开展河北省专精特新中小企业复核工作的通知》的通知,POLICYFILE6224570486rqkwc,2025-04-28,,市级,1,data/xiongan_policy_files/pdfs/039_2025-04-28_关于开展河北省专精特新中小企业复核工作的通知.pdf,data/xiongan_policy_files/policy_md/039_2025-04-28_关于转发《河北省工业和信息化厅关于组织开展河北省专精特新中小企业复核工作的通知》的通知.md,converted,
40,河北省首批高校公开实施专利清单,POLICYFILE9649546100qfifp,2025-04-21,,市级,2,data/xiongan_policy_files/pdfs/040_2025-04-21_河北省首批高校公开实施专利清单.pdf;data/xiongan_policy_files/pdfs/040_2025-04-21_河北省首批公开实施专利统计表（20240401）.pdf,data/xiongan_policy_files/policy_md/040_2025-04-21_河北省首批高校公开实施专利清单.md,converted,
41,关于开展 2025 年雄安新区科普示范基地建设工作的通知,POLICYFILE7670605158bated,2025-04-15,,市级,2,data/xiongan_policy_files/pdfs/041_2025-04-15_雄安新区科普示范基地管理办法.pdf;data/xiongan_policy_files/files/041_2025-04-15_附件2-雄安新区科普示范基地基本情况表.docx,data/xiongan_policy_files/policy_md/041_2025-04-15_关于开展 2025 年雄安新区科普示范基地建设工作的通知.md,converted,
42,关于转发《河北省工业和信息化厅关于征集企业产学研合作对接需求的通知》的通知,POLICYFILE4065717208muxcf,2025-04-14,,市级,2,data/xiongan_policy_files/pdfs/042_2025-04-14_关于转发省工信厅《关于征集企业产学研合作对接需求的通知》的通知.pdf;data/xiongan_policy_files/files/042_2025-04-14_附件2需求表.docx,data/xiongan_policy_files/policy_md/042_2025-04-14_关于转发《河北省工业和信息化厅关于征集企业产学研合作对接需求的通知》的通知.md,converted,
43,关于组织2025年雄安新区工业设计中心申报工作的通知,POLICYFILE1688848132ckxcy,2025-04-03,,市级,4,data/xiongan_policy_files/pdfs/043_2025-04-03_附件1-雄安新区工业设计中心申请表（企业工业设计中心）.pdf;data/xiongan_policy_files/pdfs/043_2025-04-03_附件2-雄安新区工业设计中心申请表（工业设计企业）.pdf;data/xiongan_policy_files/pdfs/043_2025-04-03_附件3-雄安新区工业设计中心主要评价指标.pdf;data/xiongan_policy_files/pdfs/043_2025-04-03_关于组织2025年雄安新区工业设计中心申报工作的通知.pdf,data/xiongan_policy_files/policy_md/043_2025-04-03_关于组织2025年雄安新区工业设计中心申报工作的通知.md,converted,
44,雄安新区关于促进会展业发展的若干措施,POLICYFILE4147889686fheus,2025-04-02,,市级,0,,data/xiongan_policy_files/policy_md/044_2025-04-02_雄安新区关于促进会展业发展的若干措施.md,converted,
45,关于组织2025年第一批河北省创新型中小企业申报评价工作的通知,POLICYFILE3440499966vwljj,2025-02-05,,市级,1,data/xiongan_policy_files/pdfs/045_2025-02-05_关于组织2025年第一批河北省创新型中小企业申报评价工作的通知.pdf,data/xiongan_policy_files/policy_md/045_2025-02-05_关于组织2025年第一批河北省创新型中小企业申报评价工作的通知.md,converted,
46,河北雄安新区财政局关于印发《关于促进雄安新区会计产业高质量发展政策措施（试行）》的通知,POLICYFILE5095277661znypo,2025-01-08,,市级,0,,data/xiongan_policy_files/policy_md/046_2025-01-08_河北雄安新区财政局关于印发《关于促进雄安新区会计产业高质量发展政策措施（试行）》的通知.md,converted,
47,关于支持服务外包产业发展的政策措施（试行）,POLICYFILE3490081973gqrfm,2024-12-11,,市级,1,data/xiongan_policy_files/files/047_2024-12-11_《关于支持服务外包产业发展的政策措施（试行）》印发稿.doc,data/xiongan_policy_files/policy_md/047_2024-12-11_关于支持服务外包产业发展的政策措施（试行）.md,converted,
48,印发《关于支持传统产业“先立后破”转型升级的意见》的通知,POLICYFILE2780118241alxec,2024-12-09,,市级,0,,data/xiongan_policy_files/policy_md/048_2024-12-09_印发《关于支持传统产业“先立后破”转型升级的意见》的通知.md,converted,
49,河北雄安新区管理委员会改革发展局关于印发《雄安新区中试高质量发展行动方案》的通知,POLICYFILE3325008283qoqra,2024-12-06,河北雄安新区改革发展局,市级,1,data/xiongan_policy_files/pdfs/049_2024-12-06_关于印发《雄安新区中试高质量发展行动方案》的通知(1).pdf,data/xiongan_policy_files/policy_md/049_2024-12-06_河北雄安新区管理委员会改革发展局关于印发《雄安新区中试高质量发展行动方案》的通知.md,converted,
50,关于印发《雄安新区促进未来产业发展行动计划》的通知,POLICYFILE9185801875gdgqm,2024-12-05,河北雄安新区改革发展局,市级,0,,data/xiongan_policy_files/policy_md/050_2024-12-05_关于印发《雄安新区促进未来产业发展行动计划》的通知.md,converted,
51,关于2024 年高新技术企业培育库入库申报延期的通知,POLICYFILE6983068972eftck,2024-11-01,河北雄安新区改革发展局,市级,1,data/xiongan_policy_files/pdfs/051_2024-11-01_2024年高新技术企业培育库入库申报延期的通知.pdf,data/xiongan_policy_files/policy_md/051_2024-11-01_关于2024 年高新技术企业培育库入库申报延期的通知.md,converted,
52,关于组织申报雄安新区2024年第二批传统产业转型升级“百项转型”工程的通知,POLICYFILE6107997000zscgp,2024-10-14,河北雄安新区改革发展局,市级,1,data/xiongan_policy_files/pdfs/052_2024-10-14_关于组织申报雄安新区2024年第二批传统产业转型升级“百项转型”工程的通知.pdf,data/xiongan_policy_files/policy_md/052_2024-10-14_关于组织申报雄安新区2024年第二批传统产业转型升级“百项转型”工程的通知.md,converted,
53,关于组织2024年高新技术企业培育库入库申报的通知,POLICYFILE1993262598uhywc,2024-10-08,河北雄安新区改革发展局,市级,0,,data/xiongan_policy_files/policy_md/053_2024-10-08_关于组织2024年高新技术企业培育库入库申报的通知.md,converted,
54,雄安新区支持机器人产业发展的若干措施,POLICYFILE4794000896jxzyg,2024-09-30,河北雄安新区改革发展局,市级,1,data/xiongan_policy_files/pdfs/054_2024-09-30_雄安新区支持机器人产业发展的若干措施.pdf,data/xiongan_policy_files/policy_md/054_2024-09-30_雄安新区支持机器人产业发展的若干措施.md,converted,
55,雄安新区机器人产业创新发展三年行动计划（2024—2026年）,POLICYFILE8158341193clpbv,2024-09-30,河北雄安新区改革发展局,市级,1,data/xiongan_policy_files/pdfs/055_2024-09-30_雄安新区机器人产业创新发展三年行动计划（2024—2026年）.pdf,data/xiongan_policy_files/policy_md/055_2024-09-30_雄安新区机器人产业创新发展三年行动计划（2024—2026年）.md,converted,
56,关于支持现代生命科学和生物技术产业发展若干措施（试行）实施细则,POLICYFILE3964898493hxpij,2024-09-14,河北雄安新区改革发展局,市级,1,data/xiongan_policy_files/pdfs/056_2024-09-14_《关于支持现代生命科学和生物技术产业发展若干措施（试行）实施细则》.pdf,data/xiongan_policy_files/policy_md/056_2024-09-14_关于支持现代生命科学和生物技术产业发展若干措施（试行）实施细则.md,converted,
57,河北雄安新区科技项目(课题)经费暂行管理办法,POLICYFILE2222433738yjsot,2024-08-28,河北雄安新区改革发展局,市级,0,,data/xiongan_policy_files/policy_md/057_2024-08-28_河北雄安新区科技项目(课题)经费暂行管理办法.md,converted,
58,河北雄安新区软科学研究项目暂行管理办法,POLICYFILE9683187070oqqsp,2024-08-28,河北雄安新区改革发展局,市级,0,,data/xiongan_policy_files/policy_md/058_2024-08-28_河北雄安新区软科学研究项目暂行管理办法.md,converted,
59,关于做好2024年第三批高新技术企业申报工作的通知,POLICYFILE9141339018qdvmx,2024-08-23,河北雄安新区改革发展局,市级,3,data/xiongan_policy_files/files/059_2024-08-23_附件1.申报材料内容要求.docx;data/xiongan_policy_files/files/059_2024-08-23_附件2.2024年需重新认定未申报高新技术企业名单.doc;data/xiongan_policy_files/files/059_2024-08-23_附件3.2024年未申报复审企业原因说明.doc,data/xiongan_policy_files/policy_md/059_2024-08-23_关于做好2024年第三批高新技术企业申报工作的通知.md,converted,
60,关于印发《雄安新区关于支持高标准高质量建设儿童友好城市若千措施》的通知,POLICYFILE3690552717homgf,2024-08-09,,市级,1,data/xiongan_policy_files/pdfs/060_2024-08-09_关于印发《雄安新区关于支持高标准高质量建设儿童友好城市若干措施》的通知.pdf,data/xiongan_policy_files/policy_md/060_2024-08-09_关于印发《雄安新区关于支持高标准高质量建设儿童友好城市若千措施》的通知.md,converted,
61,河北雄安新区管理委员会改革发展局关于对2024年度河北省科学技术奖励拟提名项目摸底的通知,POLICYFILE5273734497olfzh,2024-08-02,河北雄安新区改革发展局,市级,1,data/xiongan_policy_files/pdfs/061_2024-08-02_关于对2024年度河北省科学技术奖励拟提名项目摸底的通知.pdf,data/xiongan_policy_files/policy_md/061_2024-08-02_河北雄安新区管理委员会改革发展局关于对2024年度河北省科学技术奖励拟提名项目摸底的通知.md,converted,
62,印发《关于支持低空经济产业发展的若干措施》的通知,POLICYFILE4446223893tpsit,2024-08-01,,市级,0,,data/xiongan_policy_files/policy_md/062_2024-08-01_印发《关于支持低空经济产业发展的若干措施》的通知.md,converted,
63,河北雄安新区改革发展局关于征集2024年度省级产业技术研究院、技术创新中心、重点实验室建设需求的通知,POLICYFILE5309464861mhbhf,2024-07-31,河北雄安新区改革发展局,市级,2,data/xiongan_policy_files/pdfs/063_2024-07-31_关于征集2024年度省级产业技术研究院、技术创新中心、省重点实验室建设需求的通知.pdf;data/xiongan_policy_files/files/063_2024-07-31_附件.docx,data/xiongan_policy_files/policy_md/063_2024-07-31_河北雄安新区改革发展局关于征集2024年度省级产业技术研究院、技术创新中心、重点实验室建设需求的通知.md,converted,
64,关于组织2024年第三批河北省创新型中小企业申报评价工作和第二批河北省专精特新中小企业认定工作的通知,POLICYFILE8016560012wttis,2024-07-24,河北雄安新区改革发展局,市级,1,data/xiongan_policy_files/pdfs/064_2024-07-24_关于组织2024年第三批河北省创新型中小企业申报评价工作和第二批河北省专精特新中小企业认定工作的通知.pdf,data/xiongan_policy_files/policy_md/064_2024-07-24_关于组织2024年第三批河北省创新型中小企业申报评价工作和第二批河北省专精特新中小企业认定工作的通知.md,converted,
65,河北雄安新区管委会改革发展局关于组织开展雄安新区2024年第一批传统产业转型升级“百项转型”工程申报工作的通知,POLICYFILE6313823640mhwyb,2024-07-23,,市级,1,data/xiongan_policy_files/pdfs/065_2024-07-23_c6e461fe63a719f04a83f7866529b8d2_8d91d9fd7890dd0a96c0dd61700a20a3_8.pdf,data/xiongan_policy_files/policy_md/065_2024-07-23_河北雄安新区管委会改革发展局关于组织开展雄安新区2024年第一批传统产业转型升级“百项转型”工程申报工作的通知.md,converted,
66,北京交通大学开放许可专利清单,POLICYFILE8148180435rhghd,2024-07-15,,市级,1,data/xiongan_policy_files/pdfs/066_2024-07-15_北京交通大学开放许可专利清单.pdf,data/xiongan_policy_files/policy_md/066_2024-07-15_北京交通大学开放许可专利清单.md,converted,
67,雄安新区“校城融合 知产先行”系列 首场专利转化运用活动项目,POLICYFILE0381187759rujgj,2024-06-26,,市级,5,data/xiongan_policy_files/files/067_2024-06-26_项目01车路云一体化仿真系统项目.docx;data/xiongan_policy_files/files/067_2024-06-26_项目02智慧路网设备自动监测预警与数字化运维关键技术项目.docx;data/xiongan_policy_files/files/067_2024-06-26_项目03空天地一体化数字仿真沙盘项目.docx;data/xiongan_policy_files/files/067_2024-06-26_项目04激光高精度多参数快速综合测量仪项目.docx;data/xiongan_policy_files/files/067_2024-06-26_项目05基于持粘注浆材料的轨道交通隧道工程防水层修复技术项目.docx,data/xiongan_policy_files/policy_md/067_2024-06-26_雄安新区“校城融合 知产先行”系列 首场专利转化运用活动项目.md,converted,
68,印发《关于〈促进“专精特新”企业和数字经济核心产业高质量发展的若干措施〉“专精特新”企业培育库入库及奖补政策的实施细则》的通知,POLICYFILE7867582679gropr,2024-04-30,河北雄安新区改革发展局,市级,2,data/xiongan_policy_files/pdfs/068_2024-04-30_关于《促进“专精特新”企业和数字经济核心产业高质量发展的若干措施》“专精特新”企业培育库入库及奖补政策的实施细则.pdf;data/xiongan_policy_files/files/068_2024-04-30_河北省“专精特新”中小企业认定评价标准及入库申请表.docx,data/xiongan_policy_files/policy_md/068_2024-04-30_印发《关于〈促进“专精特新”企业和数字经济核心产业高质量发展的若干措施〉“专精特新”企业培育库入库及奖补政策的实施细则》的通知.md,converted,
69,关于做好2024年高新技术企业申报工作的通知,POLICYFILE9131384918dcqee,2024-04-26,河北雄安新区改革发展局,市级,1,data/xiongan_policy_files/files/069_2024-04-26_2024年重新认定名单.xlsx,data/xiongan_policy_files/policy_md/069_2024-04-26_关于做好2024年高新技术企业申报工作的通知.md,converted,
70,河北雄安新区管理委员会改革发展局关于组织开展2024年雄安新区企业技术中心认定工作的通知,POLICYFILE4927928655qktgf,2024-04-17,河北雄安新区改革发展局,市级,3,data/xiongan_policy_files/files/070_2024-04-17_附件1-4.docx;data/xiongan_policy_files/pdfs/070_2024-04-17_正式印发：关于印发《雄安新区企业技术中心管理办法（修订）》的通知.pdf;data/xiongan_policy_files/pdfs/070_2024-04-17_正式印发：关于印发《雄安新区企业技术中心认定评价工作指南》的通知.pdf,data/xiongan_policy_files/policy_md/070_2024-04-17_河北雄安新区管理委员会改革发展局关于组织开展2024年雄安新区企业技术中心认定工作的通知.md,converted,
71,关于开展行业大模型及应用摸底调查的通知,POLICYFILE2379126719bmode,2024-04-07,河北雄安新区改革发展局,市级,2,data/xiongan_policy_files/pdfs/071_2024-04-07_河北省发展和改革委员会关于开展行业大模型及应用摸底调查的通知.pdf;data/xiongan_policy_files/files/071_2024-04-07_附表：行业大模型汇总表（注意有两张工作表格）.xlsx,data/xiongan_policy_files/policy_md/071_2024-04-07_关于开展行业大模型及应用摸底调查的通知.md,converted,
72,关于组织开展2024年“机器人化” 技术改造项目申报工作的通知,POLICYFILE7107178300dhkca,2024-04-03,河北雄安新区改革发展局,市级,2,data/xiongan_policy_files/pdfs/072_2024-04-03_河北省工业和信息化厅关于组织开展2024年“机器人化”技术改造项目申报工作的通知.pdf;data/xiongan_policy_files/files/072_2024-04-03_河北省2024年机器人化技术改造项目申报书.docx,data/xiongan_policy_files/policy_md/072_2024-04-03_关于组织开展2024年“机器人化” 技术改造项目申报工作的通知.md,converted,
73,雄安新区关于组织开展2024年省级科技型中小企业评价工作的通知,POLICYFILE2424988493oiiuu,2024-03-07,河北雄安新区改革发展局,市级,1,data/xiongan_policy_files/pdfs/073_2024-03-07_附件：关于组织开展2024年省级科技型中小企业评价工作的通知.pdf,data/xiongan_policy_files/policy_md/073_2024-03-07_雄安新区关于组织开展2024年省级科技型中小企业评价工作的通知.md,converted,
74,雄安新区优化营商环境领导小组关于印发《雄安新区产业政策“免申即享”工作方案》的通知,POLICYFILE8906624330hsgxp,2024-03-06,,市级,1,data/xiongan_policy_files/pdfs/074_2024-03-06_雄安新区第一批“免申即享”政策清单.pdf,data/xiongan_policy_files/policy_md/074_2024-03-06_雄安新区优化营商环境领导小组关于印发《雄安新区产业政策“免申即享”工作方案》的通知.md,converted,
75,关于征集十大领域“机器人＋”应用 “揭榜挂帅”需求榜单的通知,POLICYFILE2910669919hfzbo,2024-03-06,河北雄安新区改革发展局,市级,3,data/xiongan_policy_files/pdfs/075_2024-03-06_雄安新区关于征集十大领域“机器人＋”应用“揭榜挂帅”需求榜单的通知.pdf;data/xiongan_policy_files/files/075_2024-03-06_河北省“机器人+”应用“揭榜挂帅”需求榜单申报书.docx;data/xiongan_policy_files/files/075_2024-03-06_河北省“机器人+”应用“揭榜挂帅”需求榜单汇总表.docx,data/xiongan_policy_files/policy_md/075_2024-03-06_关于征集十大领域“机器人＋”应用 “揭榜挂帅”需求榜单的通知.md,converted,
76,关于印发《关于雄安新区促进智能网联汽车产业创新发展的激励措施（试行）》的通知,POLICYFILE6395337099rcmft,2023-12-29,河北雄安新区改革发展局,市级,0,,data/xiongan_policy_files/policy_md/076_2023-12-29_关于印发《关于雄安新区促进智能网联汽车产业创新发展的激励措施（试行）》的通知.md,converted,
77,河北雄安新区党工委管委会党政办公室 印发《关于支持现代生命科学和生物技术产业发展的若干措施（试行）》的通知,POLICYFILE3709532940ojplp,2023-12-29,,市级,1,data/xiongan_policy_files/pdfs/077_2023-12-29_《关于支持现代生命科学和生物技术产业发展的若干措施（试行）》.pdf,data/xiongan_policy_files/policy_md/077_2023-12-29_河北雄安新区党工委管委会党政办公室 印发《关于支持现代生命科学和生物技术产业发展的若干措施（试行）》的通知.md,converted,
78,关于印发《河北雄安新区科技创新平台建设与运行管理办法》的通知,POLICYFILE9158177185oukvt,2023-12-22,河北雄安新区改革发展局,市级,1,data/xiongan_policy_files/pdfs/078_2023-12-22_关于印发《河北雄安新区科技创新平台建设与运行管理办法》的通知(2).pdf,data/xiongan_policy_files/policy_md/078_2023-12-22_关于印发《河北雄安新区科技创新平台建设与运行管理办法》的通知.md,converted,
79,关于印发《河北雄安新区科技企业孵化器认定管理办法》的通知,POLICYFILE6523932431wtagw,2023-12-22,河北雄安新区改革发展局,市级,1,data/xiongan_policy_files/pdfs/079_2023-12-22_关于印发《河北雄安新区科技企业孵化器认定管理办法》的通知(1).pdf,data/xiongan_policy_files/policy_md/079_2023-12-22_关于印发《河北雄安新区科技企业孵化器认定管理办法》的通知.md,converted,
80,雄安新区本级科技项目申报书首批征集,POLICYFILE5446443752qbjcw,2023-12-16,河北雄安新区改革发展局,市级,2,data/xiongan_policy_files/pdfs/080_2023-12-16_关于征集雄安新区首批本级科技项目申报书的通知.pdf;data/xiongan_policy_files/pdfs/080_2023-12-16_雄安新区本级科技项目申报书首批征集申报指南.pdf,data/xiongan_policy_files/policy_md/080_2023-12-16_雄安新区本级科技项目申报书首批征集.md,converted,
81,关于公布2023年雄安新区工业诊所的通知,POLICYFILE7588455524uiasg,2023-12-12,河北雄安新区改革发展局,市级,0,,data/xiongan_policy_files/policy_md/081_2023-12-12_关于公布2023年雄安新区工业诊所的通知.md,converted,
82,关于在研国家级科技项目配套资金申报的通知,POLICYFILE9089019416ozhmn,2023-12-06,河北雄安新区改革发展局,市级,2,data/xiongan_policy_files/files/082_2023-12-06_雄安新区科技计划 国家和省计划配套资助申请书.docx;data/xiongan_policy_files/files/082_2023-12-06_科研诚信承诺书.docx,data/xiongan_policy_files/policy_md/082_2023-12-06_关于在研国家级科技项目配套资金申报的通知.md,converted,
83,关于征集参加河北省新材料产业项目资本对接活动的通知,POLICYFILE1708713174koyhe,2023-11-17,河北雄安新区改革发展局,市级,2,data/xiongan_policy_files/pdfs/083_2023-11-17_附件1：参会企业名单.pdf;data/xiongan_policy_files/pdfs/083_2023-11-17_附件2：企业项目资本对接基本情况表.pdf,data/xiongan_policy_files/policy_md/083_2023-11-17_关于征集参加河北省新材料产业项目资本对接活动的通知.md,converted,
84,关于发布2023年度雄安新区软科学研究项目申请指南的通知,POLICYFILE1106756971qwgyl,2023-11-15,河北雄安新区改革发展局,市级,2,data/xiongan_policy_files/pdfs/084_2023-11-15_附件1：2023年度雄安新区软科学研究项目申报指南.pdf;data/xiongan_policy_files/pdfs/084_2023-11-15_附件2：雄安新区软科学研究项目申报书.pdf,data/xiongan_policy_files/policy_md/084_2023-11-15_关于发布2023年度雄安新区软科学研究项目申请指南的通知.md,converted,
85,河北雄安新区党工委管委会党政办公室关于印发《河北雄安新区促进民间投资高质量发展的若干举措》的通知,POLICYFILE3929296303xgfnn,2023-11-13,,市级,0,,data/xiongan_policy_files/policy_md/085_2023-11-13_河北雄安新区党工委管委会党政办公室关于印发《河北雄安新区促进民间投资高质量发展的若干举措》的通知.md,converted,
86,中共河北雄安新区工作委员会 河北雄安新区管理委员会《关于打造创新高地和创业热土聚集新人才的若干措施》,POLICYFILE4739692175ujles,2023-11-07,,市级,0,,data/xiongan_policy_files/policy_md/086_2023-11-07_中共河北雄安新区工作委员会 河北雄安新区管理委员会《关于打造创新高地和创业热土聚集新人才的若干措施》.md,converted,
87,雄安新区关于引进海内外高层次人才来雄安创新创业的若干政策措施,POLICYFILE9712681524wldho,2023-11-03,,市级,0,,data/xiongan_policy_files/policy_md/087_2023-11-03_雄安新区关于引进海内外高层次人才来雄安创新创业的若干政策措施.md,converted,
88,关于开展2023年雄安新区“工业诊所” 申报工作的通知,POLICYFILE1007613704iqsoh,2023-10-31,河北雄安新区改革发展局,市级,1,data/xiongan_policy_files/pdfs/088_2023-10-31_雄安新区“工业诊所”申报书（大纲）-附件.pdf,data/xiongan_policy_files/policy_md/088_2023-10-31_关于开展2023年雄安新区“工业诊所” 申报工作的通知.md,converted,
89,关于印发《雄安新区支持企业标准创新发展实施细则（试行）》的通知,POLICYFILE9131377261ytvro,2023-10-13,河北雄安新区改革发展局,市级,0,,data/xiongan_policy_files/policy_md/089_2023-10-13_关于印发《雄安新区支持企业标准创新发展实施细则（试行）》的通知.md,converted,
90,河北雄安新区管理委员会改革发展局关于组织研发费用归集和加计扣除培训的通知,POLICYFILE1275121088plmlx,2023-10-13,,市级,0,,data/xiongan_policy_files/policy_md/090_2023-10-13_河北雄安新区管理委员会改革发展局关于组织研发费用归集和加计扣除培训的通知.md,converted,
91,关于征集2023雄安新区科技成果直通车活动技术需求的通知,POLICYFILE5412218317nxekm,2023-09-28,,市级,2,data/xiongan_policy_files/pdfs/091_2023-09-28_附件1：技术需求信息登记表.pdf;data/xiongan_policy_files/pdfs/091_2023-09-28_附件2：关于征集2023河北·京南示范区科技成果直通车活动技术需求的通知.pdf,data/xiongan_policy_files/policy_md/091_2023-09-28_关于征集2023雄安新区科技成果直通车活动技术需求的通知.md,converted,
92,关于落实《河北雄安新区支持企业创新发展若干措施》第十条相关奖励的通知,POLICYFILE5251639813ecsxs,2023-09-13,河北雄安新区改革发展局,市级,6,data/xiongan_policy_files/pdfs/092_2023-09-13_附件一.pdf;data/xiongan_policy_files/pdfs/092_2023-09-13_附件二.pdf;data/xiongan_policy_files/pdfs/092_2023-09-13_附件三.pdf;data/xiongan_policy_files/pdfs/092_2023-09-13_附件四.pdf;data/xiongan_policy_files/pdfs/092_2023-09-13_附件五.pdf;data/xiongan_policy_files/pdfs/092_2023-09-13_附件六.pdf,data/xiongan_policy_files/policy_md/092_2023-09-13_关于落实《河北雄安新区支持企业创新发展若干措施》第十条相关奖励的通知.md,converted,
93,关于启动雄安新区孵化载体库入库及运行工作的通知,POLICYFILE2376995666pegci,2023-09-11,河北雄安新区改革发展局,市级,0,,data/xiongan_policy_files/policy_md/093_2023-09-11_关于启动雄安新区孵化载体库入库及运行工作的通知.md,converted,
94,关于冒用雄安新区改革发展局名义代理业务的声明,POLICYFILE0848966229bgqdq,2023-09-04,河北雄安新区改革发展局,市级,0,,data/xiongan_policy_files/policy_md/094_2023-09-04_关于冒用雄安新区改革发展局名义代理业务的声明.md,converted,
95,关于做好2023年第三批高新技术企业申报 工作的通知,POLICYFILE6687565920gnqae,2023-09-01,河北雄安新区改革发展局,市级,3,data/xiongan_policy_files/files/095_2023-09-01_附件1重新推荐说明.docx;data/xiongan_policy_files/files/095_2023-09-01_附件2重新认定名单.xlsx;data/xiongan_policy_files/files/095_2023-09-01_附件3未申报复审原因.xlsx,data/xiongan_policy_files/policy_md/095_2023-09-01_关于做好2023年第三批高新技术企业申报 工作的通知.md,converted,
96,关于印发《关于雄安新区工业企业灾后受损重建的帮扶救助措施》的通知,POLICYFILE0787810743myzbf,2023-08-29,河北雄安新区改革发展局,市级,1,data/xiongan_policy_files/pdfs/096_2023-08-29_关于印发《关于雄安新区工业企业灾后受损重建的帮扶救助措施》的通知.pdf,data/xiongan_policy_files/policy_md/096_2023-08-29_关于印发《关于雄安新区工业企业灾后受损重建的帮扶救助措施》的通知.md,converted,
97,河北雄安新区管理委员会关于印发《河北雄安新区支持企业创新发展若干措施》的通知,POLICYFILE7474090536rgzmr,2023-08-24,河北雄安新区管理委员会,市级,0,,data/xiongan_policy_files/policy_md/097_2023-08-24_河北雄安新区管理委员会关于印发《河北雄安新区支持企业创新发展若干措施》的通知.md,converted,
98,河北雄安新区管理委员会改革发展局 关于组织技术合同认定登记培训的通知,POLICYFILE6088292035ognvy,2023-08-11,,市级,0,,data/xiongan_policy_files/policy_md/098_2023-08-11_河北雄安新区管理委员会改革发展局 关于组织技术合同认定登记培训的通知.md,converted,
99,河北雄安新区管理委员会改革发展局关于印发《雄安新区“工业诊所”创建方案》的通知,POLICYFILE9077915604zumij,2023-08-07,河北雄安新区改革发展局,市级,1,data/xiongan_policy_files/files/099_2023-08-07_雄安新区“工业诊所”申报书（大纲）.docx,data/xiongan_policy_files/policy_md/099_2023-08-07_河北雄安新区管理委员会改革发展局关于印发《雄安新区“工业诊所”创建方案》的通知.md,converted,
100,关于广泛征集2023河北国际工业设计周展品的通知,POLICYFILE2994242846erzvf,2023-07-28,河北雄安新区改革发展局,市级,1,data/xiongan_policy_files/pdfs/100_2023-07-28_关于征集2023河北国际工业设计周展品的通知.pdf,data/xiongan_policy_files/policy_md/100_2023-07-28_关于广泛征集2023河北国际工业设计周展品的通知.md,converted,
101,河北雄安新区管理委员会改革发展局 国家税务总局河北雄安新区税务局 关于组织研发费用加计扣除培训的通知,POLICYFILE3376031536fxvgu,2023-07-10,,市级,2,data/xiongan_policy_files/files/101_2023-07-10_0710-附件1：建议培训企业名单.docx;data/xiongan_policy_files/files/101_2023-07-10_0710-附件2：参训回执表.docx,data/xiongan_policy_files/policy_md/101_2023-07-10_河北雄安新区管理委员会改革发展局 国家税务总局河北雄安新区税务局 关于组织研发费用加计扣除培训的通知.md,converted,
102,关于做好2023年第二批高新技术企业申报工作的通知,POLICYFILE9236874743eacbo,2023-06-29,,市级,0,,data/xiongan_policy_files/policy_md/102_2023-06-29_关于做好2023年第二批高新技术企业申报工作的通知.md,converted,
103,雄安新区改革发展局 雄安新区税务局 雄安海关关于发布2023年雄安新区企业技术中心认定名单的通知,POLICYFILE5357172317uiumj,2023-06-26,"河北雄安新区改革发展局,雄安新区税务局,雄安海关",市级,1,data/xiongan_policy_files/pdfs/103_2023-06-26_关于发布2023年雄安新区企业技术中心认定名单的通知（已盖章）.pdf,data/xiongan_policy_files/policy_md/103_2023-06-26_雄安新区改革发展局 雄安新区税务局 雄安海关关于发布2023年雄安新区企业技术中心认定名单的通知.md,converted,
104,关于申报雄安新区第三批在孵企业办公用房租金补贴的通知,POLICYFILE0856743159bpugz,2023-05-31,,市级,0,,data/xiongan_policy_files/policy_md/104_2023-05-31_关于申报雄安新区第三批在孵企业办公用房租金补贴的通知.md,converted,
105,关于雄安新区促进会展业发展的若干措施,POLICYFILE5902066467umism,2023-05-21,河北雄安新区管理委员会,市级,0,,data/xiongan_policy_files/policy_md/105_2023-05-21_关于雄安新区促进会展业发展的若干措施.md,converted,
106,关于以比选方式采购河北雄安新区科创主体培育等为企服务的通知,POLICYFILE0310018145gwlnf,2023-05-17,,市级,4,data/xiongan_policy_files/files/106_2023-05-17_附件1：河北雄安新区管委会改革发展局科创主体培育等为企服务采购比选文件.docx;data/xiongan_policy_files/files/106_2023-05-17_附件2：比选响应函.docx;data/xiongan_policy_files/files/106_2023-05-17_附件3：研发费用加计扣除等为企服务采购比选申请文件.docx;data/xiongan_policy_files/files/106_2023-05-17_附件4：评分标准.docx,data/xiongan_policy_files/policy_md/106_2023-05-17_关于以比选方式采购河北雄安新区科创主体培育等为企服务的通知.md,converted,
107,关于遴选工业诊断服务承担单位的公告,POLICYFILE8476690694pjayw,2023-05-13,,市级,2,data/xiongan_policy_files/files/107_2023-05-13_附件1：雄安新区工业诊断服务机构申报书.docx;data/xiongan_policy_files/files/107_2023-05-13_附件2：项目评审表.docx,data/xiongan_policy_files/policy_md/107_2023-05-13_关于遴选工业诊断服务承担单位的公告.md,converted,
108,关于做好2023年高新技术企业申报工作的通知,POLICYFILE5138531459pluaw,2023-05-08,河北雄安新区改革发展局,市级,0,,data/xiongan_policy_files/policy_md/108_2023-05-08_关于做好2023年高新技术企业申报工作的通知.md,converted,
109,关于2023年度雄安新区科学技术奖提名工作的通知,POLICYFILE3080473040imnhy,2023-05-08,河北雄安新区改革发展局,市级,0,,data/xiongan_policy_files/policy_md/109_2023-05-08_关于2023年度雄安新区科学技术奖提名工作的通知.md,converted,
110,河北雄安新区管理委员会改革发展局关于印发《关于支持工业诊断力量培育的五条措施》的通知,POLICYFILE3131235831arflx,2023-03-29,河北雄安新区改革发展局,市级,0,,data/xiongan_policy_files/policy_md/110_2023-03-29_河北雄安新区管理委员会改革发展局关于印发《关于支持工业诊断力量培育的五条措施》的通知.md,converted,
111,雄安新区上市后备企业资源库实施细则,POLICYFILE7822546603daiiz,2023-03-16,河北雄安新区改革发展局,市级,1,data/xiongan_policy_files/pdfs/111_2023-03-16_上市后备库实施细则印发版.pdf,data/xiongan_policy_files/policy_md/111_2023-03-16_雄安新区上市后备企业资源库实施细则.md,converted,
112,雄安新区工业诊断力量培育实施方案（2023-2025年）,POLICYFILE2260672315jfrqh,2023-03-10,河北雄安新区改革发展局,市级,0,,data/xiongan_policy_files/policy_md/112_2023-03-10_雄安新区工业诊断力量培育实施方案（2023-2025年）.md,converted,
113,关于组织研发费用加计扣除入企辅导的通知,POLICYFILE4486939812oaurq,2023-02-15,河北雄安新区改革发展局,市级,1,data/xiongan_policy_files/files/113_2023-02-15_附件1：入户企业名单.xlsx,data/xiongan_policy_files/policy_md/113_2023-02-15_关于组织研发费用加计扣除入企辅导的通知.md,converted,
114,关于促进雄安新区楼宇经济加快发展的实施方案,POLICYFILE2738831533aawzb,2023-02-12,,市级,2,data/xiongan_policy_files/files/114_2023-02-12_1.楼宇经济工作专班组成人员及主要职责.docx;data/xiongan_policy_files/files/114_2023-02-12_2.加快引导北京非首都功能疏解促进新开发功能片区楼宇经济发展的七条措施.docx,data/xiongan_policy_files/policy_md/114_2023-02-12_关于促进雄安新区楼宇经济加快发展的实施方案.md,converted,
115,关于中国（河北）自由贸易试验区雄安片区四至范围和布局示意图的公告,POLICYFILE0726059667devbn,2023-02-02,,市级,0,,data/xiongan_policy_files/policy_md/115_2023-02-02_关于中国（河北）自由贸易试验区雄安片区四至范围和布局示意图的公告.md,converted,
116,关于组织开展2023年第一批河北省“创新型”中小企业和“专精特新”中小企业申报工作的通知,POLICYFILE5793807817oaalp,2023-01-31,河北雄安新区改革发展局,市级,1,data/xiongan_policy_files/files/116_2023-01-31_附件.docx,data/xiongan_policy_files/policy_md/116_2023-01-31_关于组织开展2023年第一批河北省“创新型”中小企业和“专精特新”中小企业申报工作的通知.md,converted,
117,关于组织开展2023年雄安新区“专精特新”企业培育库第一批入库工作的通知,POLICYFILE4542420501doiyr,2023-01-31,河北雄安新区改革发展局,市级,0,,data/xiongan_policy_files/policy_md/117_2023-01-31_关于组织开展2023年雄安新区“专精特新”企业培育库第一批入库工作的通知.md,converted,
118,印发《关于当前稳定经济发展的重点政策措施》的通知,POLICYFILE9769816873wglkm,2023-01-15,,市级,1,data/xiongan_policy_files/pdfs/118_2023-01-15_印发《关于当前稳定经济发展的重点政策措施》的通知.pdf,data/xiongan_policy_files/policy_md/118_2023-01-15_印发《关于当前稳定经济发展的重点政策措施》的通知.md,converted,
119,河北雄安新区高校毕业生就业创业政策宣传册,POLICYFILE5438304238ckdfn,2022-12-10,河北雄安新区公共服务局,市级,1,data/xiongan_policy_files/pdfs/119_2022-12-10_河北雄安新区高校毕业生就业创业政策宣传册11.30(1).pdf,data/xiongan_policy_files/policy_md/119_2022-12-10_河北雄安新区高校毕业生就业创业政策宣传册.md,converted,
120,雄安新区企业上市奖励资金管理办法,POLICYFILE0092665088bsrwu,2022-12-10,河北雄安新区改革发展局,市级,2,data/xiongan_policy_files/files/120_2022-12-10_附件1：雄安新区企业上市奖励申请表.docx;data/xiongan_policy_files/files/120_2022-12-10_附件2：承诺书.docx,data/xiongan_policy_files/policy_md/120_2022-12-10_雄安新区企业上市奖励资金管理办法.md,converted,
121,关于支持雄安新区服务业中小微企业纾困发展贷款贴息实施细则,POLICYFILE5211507197rbyuc,2022-12-08,河北雄安新区改革发展局,市级,0,,data/xiongan_policy_files/policy_md/121_2022-12-08_关于支持雄安新区服务业中小微企业纾困发展贷款贴息实施细则.md,converted,
122,关于支持雄安新区科技企业高质量发展贷款贴息实施细则,POLICYFILE2814196160uocfd,2022-12-01,河北雄安新区改革发展局,市级,0,,data/xiongan_policy_files/policy_md/122_2022-12-01_关于支持雄安新区科技企业高质量发展贷款贴息实施细则.md,converted,
123,关于支持雄安新区传统产业抗疫纾困转型升级贷款贴息实施细则,POLICYFILE5290096660oziwm,2022-12-01,河北雄安新区改革发展局,市级,0,,data/xiongan_policy_files/policy_md/123_2022-12-01_关于支持雄安新区传统产业抗疫纾困转型升级贷款贴息实施细则.md,converted,
124,河北雄安新区管理委员会关于征集科技创新支撑雄安高质量发展科研储备任务的通知,POLICYFILE4047938817uhmrh,2022-12-01,河北雄安新区管理委员会,市级,0,,data/xiongan_policy_files/policy_md/124_2022-12-01_河北雄安新区管理委员会关于征集科技创新支撑雄安高质量发展科研储备任务的通知.md,converted,
125,关于2022年第四季度省科小线上办公工作的通知,POLICYFILE5724211820nsowf,2022-10-31,河北雄安新区改革发展局,市级,2,data/xiongan_policy_files/files/125_2022-10-31_附件1企业基本信息、人员名单、企业产品、项目清单.docx;data/xiongan_policy_files/files/125_2022-10-31_附件2建议推荐申报第四批省科小企业明细.xlsx,data/xiongan_policy_files/policy_md/125_2022-10-31_关于2022年第四季度省科小线上办公工作的通知.md,converted,
126,《关于推进规上工业企业培育发展工作的四条措施》的通知,POLICYFILE2939693335srlby,2022-10-29,河北雄安新区党政办公室,市级,1,data/xiongan_policy_files/pdfs/126_2022-10-29_07.雄安办字〔2022〕60号-印发《关于推进规上工业企业培育发展工作的四条措施》的通知.pdf,data/xiongan_policy_files/policy_md/126_2022-10-29_《关于推进规上工业企业培育发展工作的四条措施》的通知.md,converted,
127,关于组织开展2022年度智能制造试点示范推荐工作的通知,POLICYFILE8664744409rykvl,2022-10-14,河北雄安新区改革发展局,市级,6,data/xiongan_policy_files/pdfs/127_2022-10-14_02.附件1：关于开展2022年度智能制造试点示范行动的通知.pdf;data/xiongan_policy_files/files/127_2022-10-14_02.附件1-1：智能制造试点示范行动实施方案.doc;data/xiongan_policy_files/files/127_2022-10-14_02.附件1-2：智能制造典型场景参考指引.doc;data/xiongan_policy_files/files/127_2022-10-14_02.附件1-3：智能制造示范工厂揭榜任务.doc;data/xiongan_policy_files/files/127_2022-10-14_02.附件1-4：智能制造试点示范项目申报书.doc;data/xiongan_policy_files/files/127_2022-10-14_02.附件1-5：智能制造试点示范项目推荐汇总表.doc,data/xiongan_policy_files/policy_md/127_2022-10-14_关于组织开展2022年度智能制造试点示范推荐工作的通知.md,converted,
128,关于印发《河北雄安新区高技能人才培训基地建设项目实施办法(试行)》的通知,POLICYFILE7086998926yrngk,2022-08-11,"河北雄安新区公共服务局,河北雄安新区改革发展局",市级,2,data/xiongan_policy_files/files/128_2022-08-11_附件1：河北雄安新区高技能人才培训基地建设项目申报书.docx;data/xiongan_policy_files/files/128_2022-08-11_附件2：河北雄安新区高技能人才培训基地建设项目实施方案.docx,data/xiongan_policy_files/policy_md/128_2022-08-11_关于印发《河北雄安新区高技能人才培训基地建设项目实施办法(试行)》的通知.md,converted,
129,关于组织开展外资奖励资金申报工作的通知,POLICYFILE8125035017wearg,2022-08-06,雄安自贸试验区管委会,市级,3,data/xiongan_policy_files/files/129_2022-08-06_附件：外资奖励资金申报指南.docx;data/xiongan_policy_files/files/129_2022-08-06_附件1：雄安新区外商投资企业奖励资金申报表.docx;data/xiongan_policy_files/files/129_2022-08-06_附件2：雄安新区外商投资企业奖励申报承诺书.docx,data/xiongan_policy_files/policy_md/129_2022-08-06_关于组织开展外资奖励资金申报工作的通知.md,converted,
130,河北雄安新区管理委员会印发《关于全面推动雄安新区数字经济创新发展的指导意见》的通知,POLICYFILE2166337290vodvt,2022-08-02,河北雄安新区管理委员会,市级,0,,data/xiongan_policy_files/policy_md/130_2022-08-02_河北雄安新区管理委员会印发《关于全面推动雄安新区数字经济创新发展的指导意见》的通知.md,converted,
131,关于印发《旅游、文化、体育、交通运输、快递物流小微企业用水、用气、用电补贴实施细则》的通知,POLICYFILE8890797377nngjt,2022-07-19,"河北雄安新区改革发展局,河北雄安新区宣传网信局,河北雄安新区管理委员会规划建设局",市级,3,data/xiongan_policy_files/files/131_2022-07-19_附件1：企业申请补贴承诺书.docx;data/xiongan_policy_files/files/131_2022-07-19_附件2：用水、用电、用气补贴申请表.docx;data/xiongan_policy_files/files/131_2022-07-19_附件3：小微企业用水、用气、用电补贴资金汇总表.docx,data/xiongan_policy_files/policy_md/131_2022-07-19_关于印发《旅游、文化、体育、交通运输、快递物流小微企业用水、用气、用电补贴实施细则》的通知.md,converted,
132,关于印发《公共服务局支持央企二三级子公司落户新区若干措施》的通知,POLICYFILE220923abc011,2022-07-09,河北雄安新区公共服务局,市级,0,,data/xiongan_policy_files/policy_md/132_2022-07-09_关于印发《公共服务局支持央企二三级子公司落户新区若干措施》的通知.md,converted,
133,关于做好2022年金融支持雄安新区全面推进乡村振兴重点工作的实施意见,POLICYFILE220923abc006,2022-07-02,中国人民银行雄安新区分行,市级,0,,data/xiongan_policy_files/policy_md/133_2022-07-02_关于做好2022年金融支持雄安新区全面推进乡村振兴重点工作的实施意见.md,converted,
134,关于协请做好新区传统产业抗疫纾困转型升级贷款贴息工作的函,POLICYFILE220923abc013,2022-06-30,,市级,0,,data/xiongan_policy_files/policy_md/134_2022-06-30_关于协请做好新区传统产业抗疫纾困转型升级贷款贴息工作的函.md,converted,
135,关于印发《进一步扩大投资工作成效的七条政策措施》的通知,POLICYFILE220923abc005,2022-06-29,,市级,0,,data/xiongan_policy_files/policy_md/135_2022-06-29_关于印发《进一步扩大投资工作成效的七条政策措施》的通知.md,converted,
136,关于印发《关于〈促进“专精特新”企业和数字经济核心产业高质量发展的若干措施〉科技企业库入库及奖补政策的实施细则》的通知,POLICYFILE4025133758qjyjn,2022-06-24,河北雄安新区改革发展局,市级,4,data/xiongan_policy_files/files/136_2022-06-24_附件1：企业申请入库补贴承诺书.docx;data/xiongan_policy_files/files/136_2022-06-24_附件2：三县入库企业汇总表.docx;data/xiongan_policy_files/files/136_2022-06-24_附件3：三县科技企业库企业开办补助资金汇总表.docx;data/xiongan_policy_files/files/136_2022-06-24_附件4：入驻企业办公用房租金补贴资金汇总表.docx,data/xiongan_policy_files/policy_md/136_2022-06-24_关于印发《关于〈促进“专精特新”企业和数字经济核心产业高质量发展的若干措施〉科技企业库入库及奖补政策的实施细则》的通知.md,converted,
137,关于雄安新区加强金融服务支持疫情防控和经济社会发展具体措施的通知,POLICYFILE220923abc004,2022-06-16,,市级,0,,data/xiongan_policy_files/policy_md/137_2022-06-16_关于雄安新区加强金融服务支持疫情防控和经济社会发展具体措施的通知.md,converted,
138,关于印发《承租非国有资产类经营用房企业租房补贴实施细则》补充规定的通知,POLICYFILE9763957908dwhpl,2022-06-13,河北雄安新区改革发展局,市级,0,,data/xiongan_policy_files/policy_md/138_2022-06-13_关于印发《承租非国有资产类经营用房企业租房补贴实施细则》补充规定的通知.md,converted,
139,关于印发《承租非国有资产类经营用房企业租房补贴实施细则》的通知,POLICYFILE1316270014lsrmg,2022-05-25,"河北雄安新区改革发展局,河北雄安新区宣传网信局,河北雄安新区管理委员会规划建设局",市级,3,data/xiongan_policy_files/files/139_2022-05-25_附件1：企业申请补贴承诺书.docx;data/xiongan_policy_files/files/139_2022-05-25_附件2：疫情租金补贴申请表.docx;data/xiongan_policy_files/files/139_2022-05-25_附件3：小微企业疫情租金补贴资金汇总表.docx,data/xiongan_policy_files/policy_md/139_2022-05-25_关于印发《承租非国有资产类经营用房企业租房补贴实施细则》的通知.md,converted,
140,关于开展2022年度零工驿站认定工作的通知,POLICYFILE9269790708bvuna,2022-05-20,"河北雄安新区公共服务局,河北雄安新区改革发展局",市级,1,data/xiongan_policy_files/files/140_2022-05-20_河北雄安新区零工驿站认定申请表.docx,data/xiongan_policy_files/policy_md/140_2022-05-20_关于开展2022年度零工驿站认定工作的通知.md,converted,
141,关于印发《用人单位一次性新增就业补贴实施细则》的通知,POLICYFILE3904621662oiplp,2022-05-20,"河北雄安新区公共服务局,河北雄安新区改革发展局",市级,3,data/xiongan_policy_files/files/141_2022-05-20_附件1：用人单位申请一次性新增就业补贴承诺书.docx;data/xiongan_policy_files/files/141_2022-05-20_附件2：用人单位一次性新增就业补贴申请表.docx;data/xiongan_policy_files/files/141_2022-05-20_附件3：用人单位一次性新增就业补贴人员花名册.docx,data/xiongan_policy_files/policy_md/141_2022-05-20_关于印发《用人单位一次性新增就业补贴实施细则》的通知.md,converted,
142,印发《关于促进“专精特新”企业和数字经济核心产业高质量发展的若干措施》的通知,POLICYFILE0112067759zscah,2022-05-17,河北雄安新区管理委员会,市级,1,data/xiongan_policy_files/files/142_2022-05-17_“专精特新”企业和数字经济核心产业培育库分类认定标准.docx,data/xiongan_policy_files/policy_md/142_2022-05-17_印发《关于促进“专精特新”企业和数字经济核心产业高质量发展的若干措施》的通知.md,converted,
143,关于申报雄安新区第二批在孵企业办公用房租金补贴的通知,POLICYFILE8191822735qbmqg,2022-05-12,河北雄安新区改革发展局,市级,1,data/xiongan_policy_files/files/143_2022-05-12_项目申报承诺书.docx,data/xiongan_policy_files/policy_md/143_2022-05-12_关于申报雄安新区第二批在孵企业办公用房租金补贴的通知.md,converted,
144,关于开展国家级、省级专业技术人员继续教育基地申报工作的通知,POLICYFILE5017489497kqmdx,2022-05-09,河北雄安新区党群工作部,市级,2,data/xiongan_policy_files/files/144_2022-05-09_附件1：国家级专业技术人员继续教育基地申报表.docx;data/xiongan_policy_files/files/144_2022-05-09_附件2：河北省专业技术人员继续教育基地申请表.docx,data/xiongan_policy_files/policy_md/144_2022-05-09_关于开展国家级、省级专业技术人员继续教育基地申报工作的通知.md,converted,
145,关于应对《疫情支持服务业领域纾困发展的若干措施》的通知,POLICYFILE220923abc007,2022-04-30,,市级,0,,data/xiongan_policy_files/policy_md/145_2022-04-30_关于应对《疫情支持服务业领域纾困发展的若干措施》的通知.md,converted,
146,关于开展2022 年河北雄安新区劳务品牌推荐认定工作的通知,POLICYFILE9218174349moyip,2022-04-01,"河北雄安新区公共服务局,河北雄安新区改革发展局",市级,2,data/xiongan_policy_files/files/146_2022-04-01_附件1：河北雄安新区劳务品牌推荐申报.docx;data/xiongan_policy_files/files/146_2022-04-01_附件2：劳务品牌从业人员花名册.docx,data/xiongan_policy_files/policy_md/146_2022-04-01_关于开展2022 年河北雄安新区劳务品牌推荐认定工作的通知.md,converted,
147,关于印发《雄安新区2022年传统产业转型升级“百项转型”工程申报指南》的通知,POLICYFILE2698005019bmivr,2022-03-11,河北雄安新区改革发展局,市级,7,data/xiongan_policy_files/files/147_2022-03-11_附件1：雄安新区“百项转型”工程项目技术改造类 申请报告编写要点及附件.docx;data/xiongan_policy_files/files/147_2022-03-11_附件2：雄安新区“百项转型”工程项目数字化转型类 申请报告编写要点及附件.docx;data/xiongan_policy_files/files/147_2022-03-11_附件3：雄安新区“百项转型”工程项目服务平台类申请 报告编写要点及附件.docx;data/xiongan_policy_files/files/147_2022-03-11_附件4：三县工业和信息化主管部门对项目初审情况说明.docx;data/xiongan_policy_files/files/147_2022-03-11_附件5：申报项目未获得国家、省级、 新区级 专项资金支持情况说明.docx;data/xiongan_policy_files/files/147_2022-03-11_附件6：项目固定资产(设备)投资完成明细表.docx;data/xiongan_policy_files/files/147_2022-03-11_附件7：三县申报雄安新区2022年 “百项转型”工程项目汇总表.docx,data/xiongan_policy_files/policy_md/147_2022-03-11_关于印发《雄安新区2022年传统产业转型升级“百项转型”工程申报指南》的通知.md,converted,
148,关于印发《河北雄安新区科技企业孵化器认定 管理办法》的通知,POLICYFILE220923abc009,2022-02-11,,市级,0,,data/xiongan_policy_files/policy_md/148_2022-02-11_关于印发《河北雄安新区科技企业孵化器认定 管理办法》的通知.md,converted,
149,《关于服务承接非首都功能疏解培育和支持雄安新区企业挂牌上市的 实施意见》的通知,POLICYFILE220923abc012,2021-11-19,,市级,0,,data/xiongan_policy_files/policy_md/149_2021-11-19_《关于服务承接非首都功能疏解培育和支持雄安新区企业挂牌上市的 实施意见》的通知.md,converted,
150,关于申报2021年知识产权综合保护联系点的通知,POLICYFILE8167405779txxzc,2021-09-26,"河北雄安新区综合执法局,河北省人民检察院雄安新区分院",市级,0,,data/xiongan_policy_files/policy_md/150_2021-09-26_关于申报2021年知识产权综合保护联系点的通知.md,converted,
151,关于印发《雄安新区企业技术中心管理办法(试行)》的通知,POLICYFILE9019151685plpxi,2021-04-07,"河北雄安新区改革发展局,雄安新区税务局,雄安海关",市级,0,,data/xiongan_policy_files/policy_md/151_2021-04-07_关于印发《雄安新区企业技术中心管理办法(试行)》的通知.md,converted,
152,关于印发《河北雄安新区关于支持企业创新发展的若干措施》的通知,POLICYFILE1533464084jssji,2021-02-10,河北雄安新区管理委员会,市级,0,,data/xiongan_policy_files/policy_md/152_2021-02-10_关于印发《河北雄安新区关于支持企业创新发展的若干措施》的通知.md,converted,
